player_id,name,nba_team,eligible_positions
5352,Nikola Jokić,DEN,C
10094,Victor Wembanyama,SAS,C
5185,Giannis Antetokounmpo,MIL,"C,PF"
6022,Shai Gilgeous-Alexander,OKC,PG
6014,Luka Dončić,LAL,"PG,SG"
6512,Cade Cunningham,DET,"PG,SG"
5007,Anthony Davis,DAL,"C,PF"
5432,Karl-Anthony Towns,NYK,"C,PF"
6355,Anthony Edwards,MIN,"PG,SG"
5473,Devin Booker,PHX,"PG,SG"
6016,Trae Young,ATL,PG
4563,James Harden,LAC,"PG,SG"
5642,Domantas Sabonis,SAC,C
4244,Kevin Durant,HOU,"PF,SF"
5826,Donovan Mitchell,CLE,"PG,SG"
4612,Stephen Curry,GSW,PG
6514,Evan Mobley,CLE,"C,PF"
6413,Tyrese Maxey,PHI,PG
10108,Amen Thompson,HOU,"PG,SF,SG"
6044,Jalen Brunson,NYK,PG
6702,Jalen Williams,OKC,"PF,SF"
6558,Alperen Sengun,HOU,C
6692,Chet Holmgren,OKC,"C,PF"
6562,Jalen Johnson,ATL,"PF,SF"
3704,LeBron James,LAL,"PF,SF"
6395,LaMelo Ball,CHA,"PG,SG"
6515,Scottie Barnes,TOR,"PF,SF,SG"
5602,Jaylen Brown,BOS,"SF,SG"
6548,Josh Giddey,CHI,"PG,SG"
5658,Pascal Siakam,IND,"C,PF"
5638,Jamal Murray,DEN,"PG,SG"
5827,Bam Adebayo,MIA,"C,PF"
5842,Derrick White,BOS,"PG,SG"
6550,Franz Wagner,ORL,"PF,SF"
5663,Ivica Zubac,LAC,C
5767,De'Aaron Fox,SAS,"PG,SG"
6422,Desmond Bane,ORL,"SF,SG"
6559,Trey Murphy III,NOP,"PF,SF"
6015,Jaren Jackson Jr.,MEM,"C,PF"
6691,Paolo Banchero,ORL,"C,PF"
4896,Kawhi Leonard,LAC,"PF,SF"
6698,Dyson Daniels,ATL,"PG,SF,SG"
6401,Deni Avdija,POR,"PF,SF"
4912,Jimmy Butler III,GSW,"PF,SF"
6164,Ja Morant,MEM,PG
6163,Zion Williamson,NOP,"PF,SF"
5471,Myles Turner,MIL,C
5464,Kristaps Porziņģis,ATL,"C,PF"
5294,Joel Embiid,PHI,C
10104,Brandon Miller,CHA,"PF,SF"
6606,Austin Reaves,LAL,"PG,SG"
5769,Lauri Markkanen,UTA,"PF,SF"
10468,Cooper Flagg,DAL,SF
6023,Miles Bridges,CHA,"PF,SF"
4897,Nikola Vučević,CHI,C
4614,DeMar DeRozan,SAC,SF
5843,Josh Hart,NYK,"PF,SF,SG"
6703,Jalen Duren,DET,C
6712,Walker Kessler,UTA,C
5835,Jarrett Allen,CLE,C
5324,Zach LaVine,SAC,"PG,SG"
6167,Darius Garland,CLE,PG
6169,Coby White,CHI,"PG,SG"
4725,Paul George,PHI,"PF,SF,SG"
6418,Payton Pritchard,BOS,PG
5836,OG Anunoby,NYK,"PF,SF"
5601,Brandon Ingram,TOR,"PF,SF,SG"
5856,Isaiah Hartenstein,OKC,C
5958,Deandre Ayton,LAL,C
5197,Rudy Gobert,MIN,C
6417,Immanuel Quickley,TOR,"PG,SG"
6721,Andrew Nembhard,IND,"PG,SG"
6216,Jordan Poole,NOP,"PG,SG"
6175,Tyler Herro,MIA,"PG,SG"
5318,Julius Randle,MIN,"C,PF"
6025,Michael Porter Jr.,BKN,"PF,SF"
10096,Ausar Thompson,DET,"PF,SF"
5506,Norman Powell,MIA,"SF,SG"
6035,Anfernee Simons,BOS,"PG,SG"
5009,Bradley Beal,LAC,"SF,SG"
4622,Jrue Holiday,POR,"PG,SG"
6516,Jalen Suggs,ORL,PG
6513,Jalen Green,PHX,"PG,SG"
5640,Jakob Poeltl,TOR,C
6569,Cam Thomas,BKN,"SF,SG"
6711,Christian Braun,DEN,"SF,SG"
10285,Donovan Clingan,POR,C
10265,Matas Buzelis,CHI,"PF,SF"
6705,Mark Williams,PHX,C
6696,Bennedict Mathurin,IND,"SF,SG"
6173,Cameron Johnson,DEN,"PF,SF"
5832,John Collins,LAC,"C,PF"
6165,RJ Barrett,TOR,"PF,SF"
10274,Kel'el Ware,MIA,"C,PF"
6398,Onyeka Okongwu,ATL,C
6697,Shaedon Sharpe,POR,"SF,SG"
6021,Mikal Bridges,NYK,"PF,SF"
6403,Devin Vassell,SAS,"SF,SG"
6572,Santi Aldama,MEM,"C,PF"
5433,D'Angelo Russell,DAL,PG
4901,Tobias Harris,DET,PF
6577,Herbert Jones,NOP,"PF,SF"
5292,Andrew Wiggins,MIA,"SF,SG"
6219,Nic Claxton,BKN,C
10294,Alex Sarr,WAS,C
5161,CJ McCollum,WAS,"PG,SG"
6253,Naz Reid,MIN,"C,PF"
5069,Draymond Green,GSW,"C,PF"
6695,Jaden Ivey,DET,"PG,SG"
6205,Nickeil Alexander-Walker,ATL,"SF,SG"
6028,Donte DiVincenzo,MIN,"PG,SG"
5187,Dennis Schröder,SAC,"PG,SG"
10100,Keyonte George,UTA,"PG,SG"
10097,Dereck Lively II,DAL,C
6218,Kevin Porter Jr.,MIL,"PG,SG"
6694,Keegan Murray,SAC,"PF,SF"
6420,Jaden McDaniels,MIN,"PF,SF"
10340,Jaylen Wells,MEM,"SF,SG"
5764,Lonzo Ball,CLE,"PG,SG"
6567,Quentin Grimes,PHI,"SF,SG"
10115,Brandin Podziemski,GSW,"PG,SG"
10288,Reed Sheppard,HOU,"PG,SG"
10065,Toumani Camara,POR,"PF,SF"
10287,Zach Edey,MEM,C
5295,Aaron Gordon,DEN,"C,PF"
4892,Klay Thompson,DAL,"SF,SG"
5824,Malik Monk,SAC,SG
6549,Jonathan Kuminga,GSW,"PF,SF"
10107,Cason Wallace,OKC,"PG,SG"
10290,Stephon Castle,SAS,"PG,SG"
6018,Wendell Carter Jr.,ORL,C
3930,Chris Paul,LAC,PG
6699,Jeremy Sochan,SAS,"C,PF"
6406,Aaron Nesmith,IND,SF
5482,Bobby Portis,MIL,"C,PF"
6693,Jabari Smith Jr.,HOU,"C,PF"
6551,Davion Mitchell,MIA,PG
10272,Kyshawn George,WAS,"SF,SG"
6212,Ty Jerome,MEM,SG
10289,Yves Missi,NOP,C
6707,Tari Eason,HOU,"PF,SF"
5840,Kyle Kuzma,MIL,"PF,SF"
4472,Brook Lopez,LAC,C
6226,Daniel Gafford,DAL,C
6174,P.J. Washington,DAL,"PF,SF"
10315,Kyle Filipowski,UTA,"C,PF"
10282,Isaiah Collier,UTA,"PG,SG"
10296,Zaccharie Risacher,ATL,"PF,SF"
5582,T.J. McConnell,IND,PG
10048,Scoot Henderson,POR,PG
10462,Ace Bailey,UTA,SF
10454,VJ Edgecombe,PHI,SG
5660,Dejounte Murray,NOP,"PG,SG"
6617,Jay Huff,IND,C
6407,Cole Anthony,MIL,PG
10099,Bilal Coulibaly,WAS,"SF,SG"
10273,Bub Carrington,WAS,"PG,SG"
10276,Jared McCain,PHI,"PG,SG"
6580,Ayo Dosunmu,CHI,"SF,SG"
5350,Jerami Grant,POR,"PF,SF"
4840,Kyrie Irving,DAL,PG
10467,Dylan Harper,SAS,SG
6757,Scotty Pippen Jr.,MEM,"PG,SG"
10118,Cam Whitmore,WAS,"PF,SF"
6019,Collin Sexton,CHA,"PG,SG"
6166,De'Andre Hunter,CLE,"PF,SF"
10110,Taylor Hendricks,UTA,"PF,SF"
10464,Yang Hansen,POR,C
5484,Tyus Jones,ORL,PG
10450,Kon Knueppel,CHA,SF
10095,Anthony Black,ORL,"PG,SG"
6753,Keon Ellis,SAC,"PG,SG"
6619,Sam Hauser,BOS,"PF,SF"
4390,Russell Westbrook,DEN,PG
10448,Tre Johnson,WAS,SG
10101,Gradey Dick,TOR,"SF,SG"
5858,Dillon Brooks,PHX,"PF,SF"
5754,Alex Caruso,OKC,"SF,SG"
6254,Luguentz Dort,OKC,"SF,SG"
5357,Jordan Clarkson,NYK,"PG,SG"
6048,Gary Trent Jr.,MIL,"SF,SG"
10445,Egor Dëmin,BKN,PG
6400,Obi Toppin,IND,PF
6597,Aaron Wiggins,OKC,"SF,SG"
5475,Kelly Oubre Jr.,PHI,"PF,SF"
5073,Khris Middleton,WAS,"PF,SF"
5651,Caris LeVert,DET,"SF,SG"
6581,Neemias Queta,BOS,"C,PF"
6720,Peyton Watson,DEN,"PF,SF"
10121,Noah Clowney,BKN,"C,PF"
6556,Moses Moody,GSW,"SF,SG"
5637,Buddy Hield,GSW,"SF,SG"
10447,Khaman Maluach,PHX,C
10476,Ryan Kalkbrenner,CHA,C
6267,Max Strus,CLE,"SF,SG"
5905,Royce O'Neale,PHX,"PF,SF"
6210,Grant Williams,CHA,"C,PF"
10092,Jaime Jaquez Jr.,MIA,"SF,SG"
6171,Rui Hachimura,LAL,"PF,SF"
6404,Tyrese Haliburton,IND,"PG,SG"
5765,Jayson Tatum,BOS,"PF,SF"
5012,Damian Lillard,POR,PG
5727,Fred VanVleet,HOU,PG
4886,Jonas Valančiūnas,DEN,C
5159,Kentavious Caldwell-Pope,MEM,"SF,SG"
4246,Mike Conley,MIN,PG
5650,Malik Beasley,DET,"SF,SG"
5013,Harrison Barnes,SAS,"PF,SF"
6754,Julian Champagnie,SAS,"SF,SG"
5636,Kris Dunn,LAC,"PG,SG"
4245,Al Horford,GSW,"C,PF"
6032,Grayson Allen,PHX,"SF,SG"
5643,Taurean Prince,MIL,SF
6217,Keldon Johnson,SAS,"PF,SF"
6206,Goga Bitadze,ORL,C
5349,Spencer Dinwiddie,CHA,"PG,SG"
6499,Naji Marshall,DAL,"PF,SF"
5903,Luke Kornet,SAS,C
6441,Isaiah Joe,OKC,SG
5747,Derrick Jones Jr.,LAC,"PF,SF"
6408,Isaiah Stewart,DET,C
6073,Duncan Robinson,DET,"SF,SG"
6155,Haywood Highsmith,BKN,"PF,SF"
6030,Kevin Huerter,CHI,"SF,SG"
6704,Ochai Agbaji,TOR,"SF,SG"
5194,Tim Hardaway Jr.,DEN,"SF,SG"
6725,Max Christie,DAL,"SF,SG"
5338,Bogdan Bogdanović,LAC,"SF,SG"
6578,Miles McBride,NYK,"PG,SG"
5693,Dorian Finney-Smith,HOU,"PF,SF"
5768,Jonathan Isaac,ORL,"PF,SF"
5681,Georges Niang,UTA,PF
4487,Nicolas Batum,LAC,"PF,SF"
5825,Luke Kennard,ATL,"PG,SG"
5336,Clint Capela,HOU,C
5647,Guerschon Yabusele,NYK,"C,PF"
6632,Justin Champagnie,WAS,"PF,SF"
6402,Jalen Smith,CHI,C
6315,Amir Coffey,MIL,"PF,SF"
6552,Ziaire Williams,BKN,"SF,SG"
6452,Sam Merrill,CLE,"SF,SG"
6613,Jose Alvarado,NOP,PG
5476,Terry Rozier,MIA,PG
6434,Nick Richards,PHX,C
6557,Corey Kispert,WAS,"PF,SF"
6433,Tre Jones,CHI,"PG,SG"
5823,Zach Collins,CHI,C
6563,Keon Johnson,BKN,"PG,SG"
6209,Brandon Clarke,MEM,"C,PF"
6236,Terance Mann,BKN,"SF,SG"
10122,Brice Sensabaugh,UTA,"PF,SF"
5341,Kyle Anderson,UTA,PF
5474,Cameron Payne,NYK,"PG,SG"
5855,Thomas Bryant,CLE,C
5327,Jusuf Nurkić,UTA,C
6410,Josh Green,CHA,"SF,SG"
6571,Day'Ron Sharpe,BKN,C
5490,Kevon Looney,NOP,C
6755,AJ Green,MIL,"PG,SG"
6412,Precious Achiuwa,MIA,"C,PF"
5164,Kelly Olynyk,SAS,"C,PF"
6076,Kenrich Williams,OKC,PF
5739,Gary Payton II,GSW,SG
5472,Trey Lyles,SAC,"C,PF"
6256,Dean Wade,CLE,"PF,SF"
5192,Mason Plumlee,CHA,C
6396,Patrick Williams,CHI,PF
6717,Nikola Jović,MIA,PF
6724,Jaylin Williams,OKC,"C,PF"
10077,Jalen Wilson,BKN,"PF,SF"
6170,Jaxson Hayes,LAL,C
6709,Jake LaRavia,LAL,"PF,SF"
6429,Vít Krejčí,ATL,"SF,SG"
5894,Chris Boucher,BOS,"C,PF"
6269,Javonte Green,DET,"SF,SG"
6450,Paul Reed,DET,C
6766,Simone Fontecchio,MIA,"PF,SF"
6762,Johnny Juzang,MIN,"SF,SG"
10103,Jarace Walker,IND,"PF,SF"
6224,Cody Martin,PHX,"PF,SF,SG"
10113,Ben Sheppard,IND,"SF,SG"
6582,Jared Butler,PHX,"PG,SG"
10291,Dalton Knecht,LAL,"SF,SG"
6397,Isaac Okoro,CHI,"PF,SF"
6574,Jeremiah Robinson-Earl,DAL,"C,PF"
10080,Trayce Jackson-Davis,GSW,C
10292,Ryan Dunn,PHX,"PF,SF"
10330,Jonathan Mogbo,TOR,"C,PF"
10112,Julian Strawther,DEN,"SF,SG"
6733,Moussa Diabaté,CHA,C
10275,Tristan da Silva,ORL,"PF,SF"
6053,Bruce Brown,DEN,SG
10114,Marcus Sasser,DET,PG
10098,Jordan Hawkins,NOP,"SF,SG"
5600,Ben Simmons,LAC,"C,PG"
4893,Alec Burks,MIA,"SF,SG"
6353,Gabe Vincent,LAL,"PG,SG"
5245,Seth Curry,GSW,SG
10335,Adem Bona,PHI,C
6588,Dalano Banton,DAL,"SF,SG"
10333,Jamal Shead,TOR,PG
6747,Jabari Walker,PHI,"C,PF"
6109,Drew Eubanks,SAC,C
6596,Sandro Mamukelashvili,TOR,"C,PF"
6255,John Konchar,MEM,"SF,SG"
6036,Moritz Wagner,ORL,C
6742,Karlo Matković,NOP,"C,PF"
5015,Andre Drummond,PHI,C
4469,Eric Gordon,PHI,"SF,SG"
6034,Aaron Holiday,HOU,"PG,SG"
6275,Caleb Martin,DAL,"PF,SF"
6259,Garrison Mathews,NYK,"SF,SG"
10083,Julian Phillips,CHI,"PF,SF"
4152,Kyle Lowry,PHI,PG
5487,Larry Nance Jr.,CLE,"C,PF"
6734,Ryan Rollins,MIL,PG
10263,Ronald Holland II,DET,"PF,SF"
6593,Brandon Boston,NOP,"PF,SF"
6031,Josh Okogie,HOU,"SF,SG"
6741,Tyrese Martin,BKN,"PG,SF,SG"
10310,Justin Edwards,PHI,SF
6208,Matisse Thybulle,POR,"SF,SG"
10391,Jamison Battle,TOR,"PF,SF"
10125,Ricky Council IV,BKN,"SF,SG"
10278,Ja'Kobe Walter,TOR,"PG,SG"
5497,Richaun Holmes,WAS,C
6708,Dalen Terry,CHI,"SF,SG"
10120,Nick Smith Jr.,LAL,"PG,SG"
6616,Jordan Goodwin,PHX,"PG,SG"
6444,KJ Martin,UTA,"PF,SF"
6604,Trendon Watford,PHI,"C,PF"
10164,Duop Reath,POR,C
5667,Malcolm Brogdon,NYK,"PG,SG"
6234,Talen Horton-Tucker,CHI,"SF,SG"
5501,Pat Connaughton,CHA,"SF,SG"
10308,Quinten Post,GSW,C
10313,Oso Ighodaro,PHX,C
6232,Bol Bol,PHX,"C,PF"
10069,Mouhamed Gueye,ATL,"C,PF"
6722,Caleb Houstan,ATL,"SF,SG"
6276,DaQuan Jeffries,CHA,"PF,SF"
5317,Marcus Smart,LAL,"PG,SG"
6017,Mo Bamba,UTA,C
10082,Andre Jackson Jr.,MIL,"SF,SG"
6414,Zeke Nnaji,DEN,"C,PF"
6687,Lindy Waters III,SAS,"SF,SG"
6065,Shake Milton,LAL,"PG,SG"
6586,Kessler Edwards,DEN,"C,PF"
5330,Gary Harris,MIL,"SF,SG"
5480,Delon Wright,IND,"PG,SG"
6037,Landry Shamet,NYK,"SF,SG"
5356,Dwight Powell,DAL,C
6636,Jeff Dowtin Jr.,PHI,"PG,SG"
6561,Kai Jones,DAL,C
6737,Vince Williams Jr.,MEM,"SF,SG"
6802,Orlando Robinson,ORL,C
6463,Jae'Sean Tate,HOU,"PF,SF"
6038,Robert Williams III,POR,C
6052,Jarred Vanderbilt,LAL,"C,PF"
10078,Tristan Vukcevic,WAS,"C,PF"
6745,Gui Santos,GSW,"PF,SF"
10119,Kris Murray,POR,"PF,SF"
6614,Jock Landale,MEM,C
5864,Monté Morris,IND,PG
6751,Collin Gillespie,PHX,PG
6029,Lonnie Walker IV,PHI,"SF,SG"
6727,Jaden Hardy,DAL,"PG,SG"
4906,Reggie Jackson,PHI,"PG,SG"
6595,Charles Bassey,ATL,C
10145,Craig Porter Jr.,CLE,"PG,SG"
6047,Mitchell Robinson,NYK,C
6058,Svi Mykhailiuk,UTA,SF
4247,Jeff Green,HOU,PF
6679,Brandon Williams,DAL,PG
6600,Jericho Sims,MIL,C
10295,Tidjane Salaün,CHA,PF
4911,Cory Joseph,ORL,PG
6655,Micah Potter,SAS,"C,PF"
10074,Jalen Pickett,DEN,"PG,SG"
5893,Torrey Craig,BOS,"PF,SF"
4391,Kevin Love,UTA,"C,PF"
6710,Malaki Branham,WAS,"SF,SG"
10304,Ajay Mitchell,OKC,"PG,SG"
10086,Jaylen Clark,MIN,"SF,SG"
4497,DeAndre Jordan,DEN,C
10338,Antonio Reeves,CHA,"SF,SG"
4888,Bismack Biyombo,SAS,C
5316,Danté Exum,DAL,"PG,SG"
10199,Tosan Evbuomwan,NYK,"PF,SF"
6713,David Roddy,TOR,SF
10312,Pelle Larsson,MIA,"SF,SG"
6560,Tre Mann,CHA,"PG,SG"
10053,Keaton Wallace,ATL,"PG,SG"
5959,Marvin Bagley III,WAS,"C,PF"
6043,Jevon Carter,CHI,"PG,SG"
6500,Trevelin Queen,ORL,"SF,SG"
5892,Maxi Kleber,LAL,"C,PF"
10323,KJ Simpson,CHA,PG
6133,Jordan McLaughlin,SAS,"PG,SG"
6715,Blake Wesley,POR,"PG,SG"
10087,Colby Jones,DET,"SF,SG"
10070,GG Jackson,MEM,"PF,SF"
6791,Dominick Barlow,PHI,"C,PF"
6568,Bones Hyland,MIN,PG
6735,Josh Minott,BOS,"PF,SF"
6701,Ousmane Dieng,OKC,"C,PF"
6716,Wendell Moore Jr.,BOS,SF
6570,Jaden Springer,NOP,SG
5363,Vasilije Micić,MIL,"PG,SG"
6801,Jamal Cain,ORL,"SF,SG"
6057,De'Anthony Melton,GSW,"PG,SG"
6411,Saddiq Bey,NOP,"PF,SF"
6776,Quenton Jackson,IND,"PG,SG"
5156,Alex Len,NYK,C
5163,Steven Adams,HOU,C
5323,Dario Šarić,SAC,C
5322,Doug McDermott,SAC,"PF,SF"
6652,Dru Smith,MIA,"PG,SG"
10342,Branden Carlson,OKC,C
10305,Johnny Furphy,IND,"SF,SG"
6564,Isaiah Jackson,IND,C
10116,Olivier-Maxence Prosper,MEM,"C,PF"
6603,A.J. Lawson,TOR,"SF,SG"
6723,Christian Koloko,LAL,C
10106,Jett Howard,ORL,SF
10283,Cody Williams,UTA,"SF,SG"
10127,Oscar Tshiebwe,UTA,"C,PF"
4631,Taj Gibson,CHA,"C,PF"
10279,Jaylon Tyson,CLE,SF
5321,Elfrid Payton,NOP,"PG,SG"
4660,Patty Mills,LAC,PG
10332,Reece Beekman,ORL,PG
6803,Jared Rhoden,TOR,"SF,SG"
6399,Killian Hayes,CLE,PG
6427,Xavier Tillman,BOS,"C,PF"
5500,Josh Richardson,UTA,"PG,SG"
5763,Markelle Fultz,SAC,"PG,SG"
10147,Colin Castleton,ORL,"C,PF"
10277,Baylor Scheierman,BOS,SF
10300,AJ Johnson,WAS,"PG,SG"
10064,Rayan Rupert,POR,"PG,SG"
10327,Cam Spencer,MEM,SG
10409,Keion Brooks Jr.,NOP,"PF,SF"
6579,JT Thor,WAS,PF
10084,Jordan Miller,LAC,SF
10413,Alex Reese,PHI,PF
5822,Dennis Smith Jr.,DAL,PG
6459,Lamar Stevens,MEM,"PF,SF"
10281,Rob Dillingham,MIN,PG
10117,Kobe Brown,LAC,"C,PF"
10284,Dillon Jones,WAS,"PF,SF"
4682,Garrett Temple,TOR,"PG,SG"
10067,Hunter Tyson,DEN,"PF,SF"
5393,Joe Ingles,MIN,SF
5068,Jae Crowder,SAC,"PF,SF"
6204,Chuma Okeke,CLE,PF
10280,Terrence Shannon Jr.,MIN,"PF,SF"
10075,Jordan Walsh,BOS,"SF,SG"
6471,Anthony Gill,WAS,PF
10220,Trey Jemison III,NYK,"C,PF"
10079,Maxwell Lewis,BKN,"SF,SG"
6718,Patrick Baldwin Jr.,LAC,PF
6772,Pat Spencer,GSW,"PG,SG"
6356,James Wiseman,IND,C
10314,Tyler Kolek,NYK,PG
10293,Devin Carter,SAC,PG
10341,Isaac Jones,SAC,"C,PF"
6020,Kevin Knox II,GSW,"PF,SF"
6594,Luka Garza,BOS,C
6714,MarJon Beauchamp,NYK,"SF,SG"
10213,Damion Baugh,PHX,"PG,SG"
6289,Moses Brown,DEN,C
10111,Dariq Whitehead,BKN,"SF,SG"
10134,Jaylen Martin,WAS,"SF,SG"
10109,Jalen Hood-Schifino,PHI,"SF,SG"
6750,Lester Quinones,ORL,"SF,SG"
10206,Drew Peterson,CHA,"PF,SF"
5841,Tony Bradley,IND,C
10262,Tyler Smith,MIL,"C,PF"
5733,Damion Lee,PHX,"SF,SG"
6730,Bryce McGowens,NOP,"PG,SG"
6782,Stanley Umude,SAS,SF
10141,Drew Timme,BKN,C
4163,P.J. Tucker,NYK,PF
10343,Alex Ducas,OKC,SF
10311,Keshad Johnson,MIA,PF
4894,Markieff Morris,LAL,"C,PF"
10317,Ariel Hukporti,NYK,C
10416,RayJ Dennis,IND,PG
6806,Nate Williams,LAL,"SF,SG"
10339,Bronny James,LAL,"PG,SG"
6654,Matt Ryan,NYK,SF
10423,Elijah Harkless,UTA,SG
10328,N'Faly Dante,ATL,C
10329,PJ Hall,MEM,C
10061,Justin Minaya,ORL,"SF,SG"
10168,Pete Nance,MIL,PF
10393,Spencer Jones,DEN,"SF,SG"
10244,Adam Flagler,SAS,"PG,SG"
10105,Kobe Bufkin,BKN,"PG,SG"
6786,Daeqwon Plowden,SAC,"PF,SF"
10050,Leonard Miller,MIN,PF
5862,Vlatko Čančar,DEN,"C,PF"
10088,Chris Livingston,MIL,SF
6731,E.J. Liddell,BKN,"C,PF"
10129,Jacob Toppin,ATL,SF
10415,Yuki Kawamura,CHI,PG
6240,Jalen McDaniels,NOP,"PF,SF"
6785,Tyson Etienne,BKN,PG
10324,Enrique Freeman,MIN,PF
10066,Emoni Bates,PHI,"SF,SG"
6566,Josh Christopher,MIA,"PG,SG"
10297,Pacôme Dadiet,NYK,"PF,SF"
10331,Bobi Klintman,DET,PF
6453,Mason Jones,SAC,"SF,SG"
6584,Isaiah Livers,PHX,"PF,SF"
6743,JD Davison,HOU,"PG,SG"
10358,Jackson Rowe,GSW,"PF,SF"
6800,Jamaree Bouyea,MIL,PG
10336,Harrison Ingram,SAS,SF
4884,Tristan Thompson,CLE,C
10337,Cam Christie,LAC,"SF,SG"
6821,Ibou Badji,CHA,C
6326,Marques Bolden,GSW,C
6624,David Duke Jr.,PHX,"SF,SG"
10410,Emanuel Miller,CHI,SF
10402,Jahmir Young,MIA,PG
10303,Kevin McCullar Jr.,NYK,"PF,SF"
10397,Nae'Qwan Tomlin,CLE,PF
6719,TyTy Washington Jr.,LAC,PG
10385,Trey Alexander,NOP,SG
10148,Miles Norris,BOS,"PF,SF"
6783,Jules Bernard,MIN,"SF,SG"
10320,Isaiah Crawford,HOU,SF
10051,Sidy Cissoko,POR,"PF,SF"
6673,Olivier Sarr,TOR,C
10389,Jack McVeigh,HOU,PF
5362,Thanasis Antetokounmpo,MIL,PF
10223,Jazian Gortman,OKC,PG
6575,Jason Preston,LAC,PG
6773,Mouhamadou Gueye,CHI,C
10418,Tolu Smith,DET,C
5659,Skal Labissière,WAS,"C,PF"
6749,Alondes Williams,WAS,SG
6746,Luke Travers,CLE,SF
4621,James Johnson,IND,PF
10321,Anton Watson,LAL,PF
10395,Trentyn Flowers,LAC,SF
10089,Jalen Slawson,IND,SF
10383,Isaiah Stevens,SAC,PG
6761,Ron Harper Jr.,BOS,SF
10325,Ulrich Chomche,TOR,C
10155,Dexter Dennis,SAC,SG
10387,Jesse Edwards,MIN,C
6767,Kevon Harris,HOU,SG
6628,Mac McClung,ORL,"PG,SG"
10367,Riley Minix,SAS,SF
10456,Danny Wolf,BKN,PF
10486,Chaz Lanier,DET,SG
10441,Yanic Konan Niederhäuser,LAC,C
10210,Charles Bediako,DET,C
10421,Miller Kopp,CLE,SF
10301,Nikola Topić,OKC,PG
10520,RJ Davis,LAL,PG
10461,Walter Clayton Jr.,UTA,PG
10541,Fanbo Zeng,BKN,PF
10526,Norchad Omier,CLE,PF
10507,Eric Dixon,CHA,PF
10480,Rocco Zikarsky,MIN,C
10494,Javon Small,MEM,PG
10466,Carter Bryant,SAS,SF
10511,Ryan Nembhard,DAL,PG
10539,Christian Shumate,NOP,SF
10513,Cameron Matthews,HOU,SF
10225,Taevion Kinsey,GSW,SG
10495,Rasheer Fleming,PHX,PF
10286,DaRon Holmes II,DEN,PF
10546,Saint Thomas,PHI,PF
10400,Gabe McGlothan,IND,PF
10479,Noah Penda,ORL,SF
10530,Keshon Gilbert,WAS,PG
6637,Ethan Thompson,MIA,SG
10531,Jonathan Pierre,WAS,SF
10509,Tamar Bates,DEN,SG
10442,Noa Essengue,CHI,PF
10542,Dawson Garcia,DET,PF
10474,Johni Broome,PHI,C
10455,Nolan Traore,BKN,PG
10491,Jahmai Mashack,HOU,SG
10475,Koby Brea,PHX,SG
10525,Matthew Cleveland,DAL,SG
10392,Tristan Enaruna,CLE,SF
10527,Chaney Johnson,CLE,PF
10444,Derik Queen,NOP,C
10449,Will Riley,WAS,SF
10510,Dylan Cardwell,SAC,C
10460,Joan Beringer,MIN,C
10538,Zack Austin,OKC,SF
10485,Will Richard,GSW,SG
10532,John Poulakidas,LAC,SG
10505,Vladislav Goldin,MIA,C
10503,RJ Luis Jr.,BOS,SG
10478,Brooks Barnhizer,OKC,SG
10458,Ben Saraf,BKN,SG
10515,Curtis Jones,DEN,SG
10492,Taelon Peter,IND,SG
10471,Mohamed Diawara,NYK,PF
10493,John Tonje,UTA,SG
10537,Igor Milicic Jr.,PHI,PF
10440,Jeremiah Fears,NOP,PG
10533,Jahmyl Telfort,LAC,SF
10463,Thomas Sorber,OKC,C
10508,Caleb Love,POR,SG
10516,Chris Mañon,LAL,SG
10457,Drake Powell,BKN,SG
10544,LJ Cryer,GSW,PG
10518,Augustas Marciulionis,LAL,PG
6590,Sharife Cooper,WAS,PG
10524,Moussa Cisse,DAL,C
10504,Miles Kelly,DAL,PG
10470,Kobe Sanders,LAC,SG
10472,Tyrese Proctor,CLE,PG
10322,Nikola Đurišić,ATL,SF
10453,Jase Richardson,ORL,SG
10512,CJ Huntley,PHX,PF
10501,Hunter Dickinson,NOP,C
10435,Taran Armstrong,GSW,PG
10488,Adou Thiero,LAL,SF
10543,Brice Williams,DET,SF
10483,Max Shulga,BOS,SG
5908,Nigel Hayes-Davis,PHX,PF
10452,Kasparas Jakučionis,MIA,PG
10169,Alex Morales,ORL,SG
6660,Malcolm Hill,PHI,SF
10528,Lawson Lovering,MEM,C
10535,Steven Crowl,UTA,C
10484,Alex Toohey,GSW,PF
10473,Amari Williams,BOS,C
10412,Cormac Ryan,MIL,SG
6732,Trevor Keels,MIA,SG
10506,Chucky Hepburn,TOR,PG
10459,Hugo González,BOS,SF
10529,Tyler Burton,MEM,SF
10547,Johnell Davis,ORL,SG
10499,Hunter Sallis,PHI,SG
10451,Asa Newell,ATL,PF
10536,Chris Youngblood,OKC,SG
10465,Cedric Coward,MEM,SG
10489,Jamir Watkins,WAS,SF
10490,Alijah Martin,TOR,SG
10545,Dain Dainja,MIA,PF
10498,Sion James,CHA,SG
10522,Garrison Brooks,NOP,C
10502,Eli John Ndiaye,ATL,PF
6061,Alize Johnson,MIN,PF
10469,Nique Clifford,SAC,SG
10519,Arthur Kaluma,LAL,PF
10446,Liam McNeeley,CHA,SF
10443,Collin Murray-Boyles,TOR,PF
10523,Tyrese Samuel,PHX,PF
10497,Micah Peavy,NOP,SG
10487,Kam Jones,IND,SG
10500,Mark Sears,MIL,PG
10496,Maxime Raynaud,SAC,C
10517,Myron Gardner,MIA,SF
10477,Bogoljub Marković,MIL,PF
10372,David Jones Garcia,SAS,SF
10540,Matthew Murrell,UTA,SG
10482,Lachlan Olbrich,CHI,PF
6728,Kennedy Chandler,PHI,PG
10481,Saliou Niang,CLE,SF
6738,Kendall Brown,BOS,SF
6661,Jalen Crutcher,ORL,PG
10073,Seth Lundy,LAC,SF
10318,Tristen Newton,MIN,PG
6280,Terence Davis,SAC,"SF,SG"
10344,Zyon Pullin,MIN,SG
6686,Braxton Key,MEM,"PF,SF"
10309,Jalen Bridges,BOS,SF
10411,Malevy Leons,OKC,SF
10316,Daniss Jenkins,DET,PG
